"","title","text"
"1","
        Video Podcast 'Lord Luhut' Diputar di Sidang Haris Azhar dan Fatia    ","

                    Jakarta - Video podcast 'Lord Luhut' Haris Azhar dan Fatia Maulidiyanti yang menyeret nama Menko Kemaritiman dan Investasi, Luhut Binsar Pandjaitan, ditayangkan dalam persidangan. Saksi ahli ITE, Dr. Ronny, mengatakan penonton perlu membaca kajian yang menjadi rujukan untuk menilai isi podcast itu.Video itu ditayangkan atas permintaan jaksa penuntut umum (JPU) dalam persidangan dengan terdakwa Haris dan Fatia di PN Jakarta Timur, Senin (10/7/2023). Mulanya, jaksa menayangkan beberapa bagian video yang dinilai menjadi pokok permasalahan.""Nggak dong, gimana dong, jadi penjahat juga kita,"" ucap Fatia dalam video itu.
      @import url(""https://cdnstatic.detik.com/live/_rmbassets/2022/parallax/parallax.css"");
     
  
    ADVERTISEMENT
  
  
        
          
                
                  
                        

  
    googletag.cmd.push(function() { googletag.display('div-gpt-ad-1572507980488-0'); });
  
                  
                
          
        
  
  
        SCROLL TO RESUME CONTENT
  
  
  function paraA(e) {
  var p = $(e);
  $(e + "" .para_fix"").width(p.width());
  }
  $("".paraA iframe"").on(""load"", paraA("".paraA""));
  ""Jadi Luhut bisa dibilang bermain dalam pertambangan-pertambangan yang ada di Papua,"" ungkap Fatia di bagian lainnya.Baca juga: Ahli ITE Sebut Pasal Pencemaran Nama Baik Bisa Dikecualikan Jika Demi PublikJaksa pun menanyakan kepada Ronny apakah video yang ditayangkan tersebut merupakan yang diakui ditonton olehnya. Ronny pun mengamini.""Iya ini yang saya lihat di YouTube yang berkaitan dengan judul 'Ada lord Luhut di balik relasi ekonomi-ops militer Intan Jaya!! Jenderal BIN juga Ada1! >NgeHAMtam', betul,"" ucap Ronny.Jaksa lalu meminta Ronny menilai apakah dokumen penelitian kajian cepat yang terdapat dalam deskripsi video YouTube Haris Azhar dapat dikatakan sebagai dokumen elektronik. Namun, pengunduhan dokumen itu terkendala.""Berikutnya mungkin bisa disandingkan antara file dengan YouTube-nya secara langsung. Menitnya bisa disamakan. Mohon izin bisa dilihat sama ya? Saudara ahli, berkaitan dengan YouTube ini, apakah saudara bisa menunjukkan atau tautan penelitian yang terurai atau terdapat dalam YouTube tadi? Berkaitan dengan dokumen yang ada link ini dalam beberapa NGO, ada tautan link yang memuat hasil penelitian. Apakah bisa disebut dokumen elektronik atau bagaimana?"" tanya jaksa.Baca juga: Sidang Haris-Fatia Kembali Riuh, JPU Minta Hakim Tegur 'si Provokator'""Tadi saya melihat itu tidak bisa ter-download. Saya tidak bisa mengatakan itu dokumen karena yang terpasang itu hanya link, mungkin ada kendala atau bagaimana sehingga saya tidak bisa menjelaskan itu,"" jawab Ronny.Namun, Ronny pun membenarkan soal video yang ditontonnya membahas soal kajian cepat. Untuk itu, Ronny meminta semua pihak, termasuk majelis hakim, membaca kajian cepat terlebih dahulu sebelum dapat menilai isi podcast Haris dan Fatia.""Tetapi yang jelas memang narasumber yang saya tonton ini di antaranya Mbak Fatia menjelaskan terkait dengan adanya kajian cepat dari organisasi masyarakat sipil. Jadi termasuk dari Walhi, setahu saya dia menjelaskan, Mas Owi itu memang menjelaskan juga kaitannya dengan kajian cepat sehingga kalau kita menilai tentang obrolan ini ya tentu kita harus baca kajian cepat gitu ya supaya kita tidak salah memaknai hubungan kajian cepat dan ini (podcast) ya,"" ungkap Ronny.""Jadi dari kajian cepat itu, setelah kita telaah dan pelajari dan tentunya saya berharap majelis hakim membaca kajian cepat itu, setelah itu nanti dihubungkan dengan obrolan ini. Seperti itu barangkali,"" sambungnya. Jawaban Ronny disambut tepuk tangan oleh para pengunjung.Simak Video 'Ahli Jelaskan 'Demi Kepentingan Umum' dan Pasal UU ITE di Sidang Haris-Fatia':[Gambas:Video 20detik]        
		
        (aik/aik)
        
            
                				lord luhut				podcast				kasus 'lord luhut'				sidang kasus lord luhut				haris azhar				fatia maulidiyanti            
        

        
        
    "
"2","
        Haris Azhar Emosi Dipotong Jaksa Saat Tanya Ahli: Kok Anda yang Jawab    ","
        Jakarta -  Terdakwa kasus pencemaran nama baik Menko Kemaritiman dan Investasi Luhut Binsar Pandjaitan, Haris Azhar, mencecar ahli bahasa UNJ, Asisda Wahyu Asri Putradi. Haris mencecar Asisda dengan pertanyaan soal apa kerugian bahasa yang dialami Luhut karena podcast-nya.Hal itu ditanya Haris saat menanggapi keterangan ahli dalam persidangannya yang digelar di Pengadilan Negeri Jakarta Timur, Senin (10/7/2023). Haris bertanya dengan dasar dokumen berita acara pemeriksaan (BAP) Asisda dengan penyidik.Baca juga: Pengunjung Sidang Haris Azhar Teriak dan Tepuk Tangan, Hakim Beri Peringatan""Satu lagi, Saudara saksi ahli, Anda di BAP halaman 102 jawaban Anda atas pertanyaan di halaman 101, siapa yang dirugikan, lalu Anda menjawab yang dirugikan adalah Saudara Luhut Pandjaitan alias Luhut Binsar Pandjaitan. Betul?"" tanya Haris.
      @import url(""https://cdnstatic.detik.com/live/_rmbassets/2022/parallax/parallax.css"");
     
  
    ADVERTISEMENT
  
  
        
          
                
                  
                        

  
    googletag.cmd.push(function() { googletag.display('div-gpt-ad-1572507980488-0'); });
  
                  
                
          
        
  
  
        SCROLL TO RESUME CONTENT
  
  
  function paraA(e) {
  var p = $(e);
  $(e + "" .para_fix"").width(p.width());
  }
  $("".paraA iframe"").on(""load"", paraA("".paraA""));
  ""Kalau jawaban saya seperti itu, berarti iya,"" jawab Asisda.""Kerugian bahasa apa yang dialami Luhut Binsar Pandjaitan?"" lanjut Haris.""Saya tidak bisa menjawab. Kalau kerugian bahasa saya nggak bisa jawab,"" balas Asisda.Pengunjung sidang pun menyoraki ahli bahasa. Asisda mengatakan kerugian yang dimaksudnya dalam BAP bukanlah kerugian dalam segi bahasa, namun kerugian yang bersifat materiil.""Kenapa nggak bisa jawab?"" tanya Haris.""Karena kalau kerugian itu bukan dalam artian kerugian bahasa, tapi di situ pasti ada kerugian bersifat materiil, moril, dan sebagainya,"" jawab dia.Haris Azhar bertanya mengapa Asisda memberikan penghakiman atau pendapat yang tidak sesuai dengan keahlian bahasanya. Asisda mengatakan dirinya hanya menjelaskan sebuah pernyataan dapat berdampak bermacam-macam.""Saya tidak memberikan judgement. Saya hanya memberikan dampak dari pernyataan itu bisa bermacam-macam, Pak,"" ungkap Asisda.""Jadi Anda mengatakan ada kerugian?"" tanya Haris.""Ya paling tidak secara materiil,"" jawab Asisda. Haris meminta penegasan Asisda soal tidak adanya kerugian bahasa. Asisda mengamini.Simak Video 'Sidang Haris-Fatia Kembali Riuh, JPU Minta Hakim Tegur 'si Provokator': [Gambas:Video 20detik]Simak selengkapnya di halaman selanjutnya.
        
    
        
            Halaman
                        
                1            
                        
                2            
                    
                
            Selanjutnya 
        
        
            



		
        
        
            
                				haris azhar				fatia maulidiyanti				luhut binsar pandjaitan				hukum            
        

    "
"3","
        Pengunjung Sidang Haris Azhar Teriak dan Tepuk Tangan, Hakim Beri Peringatan    ","
        Jakarta -  Pengunjung sidang kasus pencemaran nama baik Menko Kemaritiman dan Investasi Luhut Binsar Pandjaitan dengan terdakwa Haris Azhar dan Fatia Maulidiyanti kembali riuh. Jaksa penuntut umum (JPU) meminta majelis hakim menegur provokator.Momen itu terjadi saat saksi ahli bahasa, Asisda Wahyu Asri Putradi, memberi keterangan di Pengadilan Negeri Jakarta Timur, Senin (10/7/2023). Mulanya, penasihat hukum meminta pendapat ahli terkait penulisan karya ilmiah.""Tadi Saudara menyatakan kalau ada penulis, maka dia bertanggung jawab atas bagian yang dia tulis. Apakah Saudara tahu banyak orang yang menulis jurnal atau karya ilmiah secara bersama-sama?"" tanya penasihat hukum. Asisda pun menjawab hal itu banyak dilakukan.
      @import url(""https://cdnstatic.detik.com/live/_rmbassets/2022/parallax/parallax.css"");
     
  
    ADVERTISEMENT
  
  
        
          
                
                  
                        

  
    googletag.cmd.push(function() { googletag.display('div-gpt-ad-1572507980488-0'); });
  
                  
                
          
        
  
  
        SCROLL TO RESUME CONTENT
  
  
  function paraA(e) {
  var p = $(e);
  $(e + "" .para_fix"").width(p.width());
  }
  $("".paraA iframe"").on(""load"", paraA("".paraA""));
  ""Apakah dalam jurnal itu ketika diterbitkan kemudian dikutip disebutkan misalnya Haris Azhar dan kawan-kawan atau Haris Azhar halaman 19-30 begitu? Atau Haris Azhar dan kawan-kawan?"" lanjut tanya penasihat hukum.Baca juga: Ahli Bahasa soal Makna Julukan 'Lord Luhut': Punya Penuh Kekuasaan""Itu bergantung dari bagaimana,"" jawab Asisda. Belum selesai menjawab, pernyataan Asisda langsung dipotong oleh penasihat hukum Haris.""Bukan, saya ingin bertanya, apakah jurnal secara umum yang terindeks fokuskah atau yang tidak,"" tutur penasihat hukum.Jaksa memotong dan menyampaikan keberatan atas pertanyaan penasihat hukum. Jaksa mengatakan Asisda merupakan ahli bahasa, bukan ahli penelitian ataupun jurnal ilmiah.""Izin, Yang Mulia, ini sudah bertanya masalah penelitian, ahli ini ahli bahasa, bukan masalah penelitian, masalah jurnal,"" ujar jaksa.Penasihat hukum mengatakan pertanyaan itu ditujukan untuk menguji kemampuan ahli tersebut. Penasihat hukum mempertanyakan mengapa pihaknya tidak boleh bertanya soal metode penelitian.""Bukan, Majelis Hakim, kami ingin menguji apakah ahli ini betul-betul capable untuk memberikan pendapat sebagai ahli,"" kata penasihat hukum.""Capable dalam bahasa, bukan metodologi penelitian,"" ucap jaksa.Baca juga: Sidang Lanjutan Haris-Fatia, Hadirkan Ahli ITE & Bahasa""Ya betul, metode penelitiannya Saudara ahli ini mengatakan dalam BAP dan mengatakan metode penelitiannya untuk menilai bahasa. Kenapa saya tidak boleh bertanya tentang metode penelitian. Saya tidak berbicara kepada penuntut umum, Majelis Hakim, izinkan saya melanjutkan pertanyaan. Saudara Ahli, saya ingin bertanya, dalam jurnal bahasa,"" ujar penasihat hukum dengan nada tinggi.Hakim ketua Cokorda Gede Arthana pun memotong perdebatan antara jaksa dan penasihat hukum. Hakim menegaskan Asisda merupakan ahli bahasa dan bukan ahli metode penelitian.""Saya paham, Yang Mulia, bahwa ahli ini bukan ahli jurnalistik. Penuntut umum yang dari tadi menanyakan tentang pers kami sudah keberatan soal itu,"" ujar penasihat hukum.""Keberatan, Yang Mulia, kami tidak pernah menanyakan tentang pers dari tadi,"" jawab jaksa.Simak Video 'Sidang Haris-Fatia Kembali Riuh, JPU Minta Hakim Tegur 'si Provokator'': [Gambas:Video 20detik]Simak selengkapnya di halaman selanjutnya.
        
    
        
            Halaman
                        
                1            
                        
                2            
                    
                
            Selanjutnya 
        
        
            



		
        
        
            
                				haris azhar				fatia maulidiyanti				pn jaktim				hukum				luhut binsar pandjaitan            
        

    "
"4","
        KY Pelototi Sidang Vonis Revenge Porn Pandeglang, Harap Hakim Adil    ","
        Jakarta -  Pihak keluarga korban menilai ada sejumlah kejanggalan dalam proses persidangan kasus penyebaran video asusila untuk ancaman (revenge porn) di Pandeglang, Banten. Komisi Yudisial (KY) akan mengawasi sidang vonis kasus tersebut.""Iya, KY memberi perhatian terhadap perkara ini,"" kata juru bicara (jubir) KY, Miko Ginting, saat dimintai konfirmasi, Senin (10/7/2023).Terdakwa dalam kasus ini ialah Alwi Husen Maolana yang merupakan mantan pacar korban. Alwi telah dikeluarkan (drop out/DO) dari kampusnya, Universitas Sultan Ageng Tirtayasa (Untirta).
      @import url(""https://cdnstatic.detik.com/live/_rmbassets/2022/parallax/parallax.css"");
     
  
    ADVERTISEMENT
  
  
        
          
                
                  
                        

  
    googletag.cmd.push(function() { googletag.display('div-gpt-ad-1572507980488-0'); });
  
                  
                
          
        
  
  
        SCROLL TO RESUME CONTENT
  
  
  function paraA(e) {
  var p = $(e);
  $(e + "" .para_fix"").width(p.width());
  }
  $("".paraA iframe"").on(""load"", paraA("".paraA""));
  Pihak keluarga menyebutkan kejanggalan dalam persidangan di Pengadilan Negeri (PN) Pandeglang tersebut seperti terdakwa Alwi yang dihadirkan online saat sidang tuntutan. Pihak keluarga juga tak diundang pada saat sidang perdana agenda pembacaan dakwaan oleh jaksa penuntut umum (JPU).Baca juga: Kakak Korban Harap Alwi Revenge Porn Divonis Hukuman Maksimal BesokKY berharap majelis hakim memutus perkara dengan mandiri demi keadilan.""KY berharap hakim bisa memutus perkara ini berdasarkan kemandiriannya. Karena kemandirian hakim itu fondasi dari keadilan,"" kata Miko.Persilakan Pihak Korban Lapor KYDia mengatakan pihak KY juga membuka ruang bagi keluarga korban untuk melaporkan dugaan kejanggalan selama persidangan berlangsung. Menurutnya, pengaduan publik juga sebagai upaya mendukung peradilan yang berasaskan keadilan dan transparan.""Selebihnya, jika pihak keluarga atau masyarakat menduga ada pelanggaran etik dan perilaku hakim, bisa mengajukan laporan kepada KY,"" kata dia.""KY meyakini partisipasi banyak pihak dalam peradilan, termasuk dalam bentuk laporan, akan menjaga kemandirian dan akuntabilitas hakim,"" tambah Miko.Kakak Korban Harap Alwi Revenge Porn Dihukum BeratSidang vonis kasus revenge porn akan digelar besok di PN Pandeglang pada Selasa (11/7) besok. Kakak korban, Iman Zanatul Haeri, berharap pelaku dihukum berat.Baca juga: Ulah Asusila Alwi Revenge Porn Pandeglang Berujung 'Ditendang' Untirta""Kami harap pelaku dihukum berat, minimal seperti tuntutan jaksa,"" kata Iman kepada wartawan, Senin (10/7).Lihat juga Video 'Aksi Bejat Oknum Guru Lecehkan Belasan Siswa di Ciamis':[Gambas:Video 20detik]Simak berita selengkapnya di halaman selanjutnya.
        
    
        
            Halaman
                        
                1            
                        
                2            
                    
                
            Selanjutnya 
        
        
            



		
        
        
            
                				revenge porn				revenge porn mahasiswi pandeglang				komisi yudisial				ky				pn pandeglang				jabodetabek				hukum				kekerasan seksual				uu ite            
        

    "
"5","
        Riuh Lagi di Sidang Haris Azhar-Fatia Sampai Aksi Tunjuk-tunjuk Jaksa    ","
        Jakarta -  Sidang Haris Azhar dan Fatia Maulidiyanti kembali riuh. Kali ini, Haris Azhar sampai menunjuk-nunjuk jaksa.Haris Azhar dan Fatia diadili dalam kasus pencemaran nama baik Menko Kemaritiman dan Investasi Luhut Binsar Pandjaitan. Keduanya didakwa mencemarkan nama baik Luhut lewat podcast berjudul 'Ada lord Luhut di balik relasi ekonomi-ops militer Intan Jaya!! Jenderal BIN juga Ada1! >NgeHAMtam' yang diunggah di kanal YouTube Haris Azhar.Keriuhan sidang kali ini terjadi saat proses permintaan keterangan dari ahli bahasa UNJ, Asisda Wahyu Asri Putradi. Asisda awalnya menjelaskan soal aspek pencemaran nama baik lewat podcast itu dari sisi bahasa.
      @import url(""https://cdnstatic.detik.com/live/_rmbassets/2022/parallax/parallax.css"");
     
  
    ADVERTISEMENT
  
  
        
          
                
                  
                        

  
    googletag.cmd.push(function() { googletag.display('div-gpt-ad-1572507980488-0'); });
  
                  
                
          
        
  
  
        SCROLL TO RESUME CONTENT
  
  
  function paraA(e) {
  var p = $(e);
  $(e + "" .para_fix"").width(p.width());
  }
  $("".paraA iframe"").on(""load"", paraA("".paraA""));
  Baca juga: Haris Azhar Emosi Dipotong Jaksa Saat Tanya Ahli: Kok Anda yang JawabAsisda menilai judul podcast Haris Azhar itu fokus pada seseorang yang dijuluki 'Lord Luhut' yang terlibat dalam kegiatan pertambangan di Papua. Judul itu, kata Asisda, sengaja dibuat bombastis untuk menarik minat pengguna internet.""Jadi pernyataan 'ada Lord Luhut' dalam judulnya itu berarti ada fokus utama pada seseorang yang mendapat julukan Lord Luhut dimana orang tersebut terlibat dalam kegiatan pertambangan di Papua,"" kata Asisda.""Jadi judul itu sengaja dibuat bombastis untuk menarik minat supaya siapapun yang mempunyai akses melihat YouTube tadi itu tertarik untuk mendengarkan dialog dengan narasumbernya,"" lanjut dia.Jaksa pun meminta Asisda untuk memaknai huruf kapital, tanda kutip, dan tanda seru yang terdapat dalam judul podcast itu. Asisda pun menjelaskan beberapa hal itu digunakan untuk mempertegas atau memperjelas kata atau kalimat tertentu.Asisda juga menjelaskan ada pergeseran topik secara signifikan yang semula membahas kajian ilmiah menjadi gosip soal orang dalam podcast tersebut. Asisda menyebut penyematan kata 'lord Luhut' itu sebagai daya pikat. Untuk itu, dia menilai hal itu sebagai pencemaran nama baik.""Jadi terjadi pergeseran topik yang sangat signifikan, yang tadinya mengarah pada hal-hal yang bersifat kajian cepat atau ilmiah berubah menjadi membicarakan orang. Di sini, apakah itu menghina? Apakah itu mencemarkan? Apakah itu memfitnah? Nah itu dalam judul itu tadi sudah tergambar bagaimana perwujudan isi podcast tadi itu ada pemyematan kata-kata yang mungkin kurang pas atau kurang berkenan kepada Pak Luhut seperti itu,"" ungkap Asisda.""Jadi di situ dikatakan sebagai sebuah kalau menurut pandangan saya secara kebahasaan, itu dianggap mencemarkan nama baik karena di dalam podcast itu lebih mengarah pada membicarakan orang tertentu, bukan lagi membicarakan kaitan antara penelitian dari 9 NGO itu tadi. Terjadi pergeseran topik yang fokusnya malah kepada Pak Luhut. Itu di situ dapat dilihat dibuktikan dari judul podcast itu sendiri dimana dalam judul itu kata lord Luhut itu menjadi satu kata yang dianggap menjual sehingga membuat orang siapapun yang punya akses ke YouTube atau podcast itu menjadi tertarik atau penasaran dengan isinya. Jadi itu memang sengaja menjadikan Pak Luhut jadi daya pikat. Nah itu kalau saya anggap sebagai pencemaran nama baik,"" sambung dia.Haris Azhar (kemeja putih) menunjuk jaksa di ruang sidang (Silvia-detikcom) Haris Azhar Tunjuk-tunjuk JaksaSidang mulai riuh saat saat jaksa menggunakan analogi ketika bertanya ke ahli. Nah, penggunaan analogi itu kemudian dikoreksi oleh hakim.""Tadi kan ahli sudah menerangkan terkait pemahaman gramatikal terkait fitnah, berita, dan pemberitaan bohong. Sekarang saya ingin membangun analogi suatu kasus, tapi saya juga tidak menuduh kasus konkret,"" kata jaksa.""Jika seseorang itu membuat suatu podcast menyampaikan suatu berita dalam podcast itu, kemudian dasarnya rujukan A, B, C ternyata dalam rujukan itu tidak ada kata-kata itu, mulai dari judul, substansi. Ini tuduhan umpama terhadap seseorang, ternyata sesuai fakta yang kami peroleh di persidangan ternyata itu tidak benar, umpama katanya dia punya saham, ternyata tidak ada sahamnya,"" sambung dia.""Seandainya. Seandainya tidak benar bagaimana?"" ujar hakim mengkoreksi jaksa.Pernyataan hakim ketua langsung dipotong oleh tim penasihat hukum Haris-Fatia. Penasihat hukum menilai jaksa mencoba menggiring pendapat ahli.""Jaksa mencoba menggiring ahli, Yang Mulia,"" ucap hakim.Baca juga: Haris Azhar Tunjuk-tunjuk Jaksa di Sidang, Pengunjung RiuhPengunjung sidang kemudian riuh. Pengunjung sidang berteriak dan bertepuk tangan hingga ditegur oleh majelis hakim.""Huuu... huuu...,"" teriak pengunjung sidang.""Jaksa magang,"" teriak pengunjung lainnya.""Saudara pengunjung tolong tertib. Kalau Saudara tidak tertib silakan keluar,"" tegur hakim.Haris Azhar kemudian berdiri dari kursinya. Dia menunjuk-nunjuk jaksa sambil menuding jaksa memaksa ahli menyampaikan hal yang salah.""Analoginya salah, (jaksa) memaksa saksi ahli menyampaikan yang salah, karena pertanyaannya salah,"" ucap Haris sambil terus menunjuk-nunjuk jaksa.Tim penasihat hukum juga menuding jaksa berusaha menyesatkan persidangan. Dia menilai penggunaan analogi dalam persidangan tidak tepat.""Yang Mulia, jaksa berupaya untuk menyesatkan persidangan ini, tidak pernah ada jaksa yang menganalogikan sesuatu yang sebenarnya tidak pernah terjadi di sini,"" kata penasihat hukum.""Iya kami bukan menanyakan kasus konkret, kami mengikuti keinginan penasihat hukum menanyakan analogi berarti kan kiasan, karangan, jadi bukan yang konkret, makanya kami menggunakan analogi perumpamaan, perumpamaan, jadi terdakwa dan penasihat hukum tidak usah marah-marah,"" jawab jaksa. Hakim ketua pun mempersilakan jaksa melanjutkan pertanyaannya.Simak selengkapnya di halaman selanjutnya.
        
    
        
            Halaman
                        
                1            
                        
                2            
                    
                
            Selanjutnya 
        
        
            



		
        
        
            
                				haris azhar				sidang haris azhar				fatia maulidiyanti				hukum				luhut binsar pandjaitan            
        

    "
"6","
        Wanti-wanti Kapolda Metro Agar Tak Ada Nego-nego dan Transaksi    ","
        Jakarta -  Operasi lalu lintas terpusat bersandikan 'Operasi Patuh 2023' mulai digelar. Operasi Patuh digelar selama 14 hari mulai hari ini, Senin 10 Juli 2023 hingga 23 Juli 2023.Polda Metro Jaya sendiri mengerahkan 2.938 personel untuk melaksanakan Operasi Patuh Jaya ini. Kapolda Metro Jaya Irjen Karyoto yang memimpin gelar pasukan memberikan pesan kepada prsonel agar bertindak secara simpatik dan humanis selama menjalankan operasi.Operasi Patuh 2023 digelar untuk meningkatkan ketertiban masyarakat dalam berlalu lintas. Karyoto mengatakan ketertiban masyarakat dalam berlalu lintas merupakan cerminan moralitas bangsa.
      @import url(""https://cdnstatic.detik.com/live/_rmbassets/2022/parallax/parallax.css"");
     
  
    ADVERTISEMENT
  
  
        
          
                
                  
                        

  
    googletag.cmd.push(function() { googletag.display('div-gpt-ad-1572507980488-0'); });
  
                  
                
          
        
  
  
        SCROLL TO RESUME CONTENT
  
  
  function paraA(e) {
  var p = $(e);
  $(e + "" .para_fix"").width(p.width());
  }
  $("".paraA iframe"").on(""load"", paraA("".paraA""));
  ""Ini merupakan suatu visi yang besar dan menjadi suatu tantangan yang tidak mudah. Untuk itu pelaksanaan Operasi Patuh Jaya 2023 saya harap dilaksanakan dengan sungguh-sungguh dan dengan cara bertindak yang simpatik dan humanis,"" ujar Karyoto dalam gelar pasukan di Polda Metro Jaya, Jakarta, Senin (10/7/2023).Baca juga: Kapolda Metro Ingatkan Tak Ada Negosiasi-Transaksi di Operasi Patuh JayaFoto: Polda Metro Jaya menggelar pasukan Operasi Patuh Jaya 2023 yang dimulai Hari ini, Senin (10/7/2023)./Wildan Noviansah-detikcomWanti-wanti Tak Ada Negosiasi dan TransaksiIrjen Karyoto mewanti-wanti personel untuk tidak negosiasi 'damai' selama pelaksanaan Operasi Patuh Jaya ini. Personel diminta untuk tidak menyakiti hati masyarakat selama pelaksanaan operasi.""Saya perintahkan agar saudara melaksanakannya dengan profesional, tidak ada negosiasi, tidak ada transaksional, dan jangan sakiti masyarakat,"" kata Karyoto.Karyoto juga meminta personel untuk menegakkan hukum sesuai aturan dan tidak ada lobi-lobi dalam pelaksanaan operasi. Hal itu, lanjut Karyoto, nantinya akan berdampak pada kedisiplinan masyarakat dalam berlalu lintas.""Karena seyogyanya penegakan hukum yang baik akan berdampak pada kedisiplinan masyarakat agar tidak melakukan pelanggaran kembali,"" jelasnya.Wajib Pasang Pelang Tanda RaziaKaryoto meminta personel 'tak bermain-main' dengan pelanggar lalu lintas dalam Operasi Patuh. Untuk itu ia mengingatkan agar personel memasang pelang tanda razia di lokasi Operasi Patuh.""Tidak ada lagi saya temukan personel yang bajunya lusuh, mobil dinas yang kotor, petugas yang tidak memasang pelang tanda razia saat melaksanakan penindakan. Apalagi personel yang bermain-main dengan pelanggaran lalu lintas,"" paparnya.Baca juga: Pesan Kapolda Metro ke Pasukan Operasi Patuh: Jangan Sakiti MasyarakatSimak juga Video 'Tilang Manual Berlaku, Polisi Kembali 'Turun' ke Jalan': [Gambas:Video 20detik]Baca di halaman selanjutnya: tilang di tempat
        
    
        
            Halaman
                        
                1            
                        
                2            
                    
                
            Selanjutnya 
        
        
            



		
        
        
            
                				operasi patuh				operasi patuh 2023				operasi patuh jaya				operasi patuh jaya 2023				irjen karyoto				kapolda metro jaya irjen karyoto				polda metro jaya				jabodetabek				round-up            
        

    "
"7","
        Polisi Cek Keaslian Pistol yang Ditodongkan Pencuri ke Ojol di Tangerang    ","

                    Jakarta - Pelaku pencurian kendaraan bermotor (curanmor) menodongkan sejenis senjata api kepada pengemudi ojek online (online), usai aksinya dipergoki di Pagedangan, Kabupaten Tangerang. Polisi mendalami asli tidaknya senjata api yang dibawa pelaku.""Kalau untuk ditodongkan pistol, itu masih kami dalami apakah itu benar pistol, atau sejenis menyerupai pistol. Itu masih kami dalami,"" kata Kapolsek Pagedangan, AKP Seala Syah Alam, ketika ditemui di kantornya, Senin (10/7/2023).Seala mengatakan sejauh ini pelaku berjumlah 2 orang. Korban sendiri merupakan pengemudi ojol yang akan mengambil pesanan pada sebuah restoran di Pagedangan, Kabupaten Tangerang.
      @import url(""https://cdnstatic.detik.com/live/_rmbassets/2022/parallax/parallax.css"");
     
  
    ADVERTISEMENT
  
  
        
          
                
                  
                        

  
    googletag.cmd.push(function() { googletag.display('div-gpt-ad-1572507980488-0'); });
  
                  
                
          
        
  
  
        SCROLL TO RESUME CONTENT
  
  
  function paraA(e) {
  var p = $(e);
  $(e + "" .para_fix"").width(p.width());
  }
  $("".paraA iframe"").on(""load"", paraA("".paraA""));
  Baca juga: Viral Pencuri Motor Todong Pistol ke Ojol Usai Aksinya Dipergoki di Tangerang""Untuk pelakunya sendiri sementara berjumlah 2 orang. Kami masih terus melakukan pendalaman. Untuk korban betul adalah salah satu pengemudi ojek online yang sedang mengambil orderan, di salah satu restoran yang ada di wilayah pagedangan di BSD,"" tuturnya.Seala menjelaskan bahwa korban saat itu sedang mengambil pesanan makanan, lalu memergoki pencurian motor yang dilakukan pelaku. Menyadari aksinya diketahui, salah satu pelaku menodongkan sejenis senjata api kepada korban.""Ada kejadian korban yaitu pengemudi ojek online sedang mengambil orderannya, orderan makanan. Tiba-tiba ada dua orang yang salah satu menodongkan senjata. Dan kedua pelaku tersebut menggunakan sepeda motor,"" ungkapnya.Viral di Media SosialSebelumnya, aksi penodongan pistol tersebut viral di media sosia. Dinarasikan, pelaku menodongkan pistol usai aksi pencuriannya diketahui.Dalam video viral yang dilihat detikcom, Senin (10/7), terlihat dua orang pelaku sedang melakukan aksinya mencuri motor. Kemudian, ada seorang pengemudi ojol yang mendatangi lokasi.Tak lama, terlihat para pelaku mengancam pengemudi ojol tersebut. Setelahnya, pelaku lantas meninggalkan lokasi sambil membawa motor hasil curiannya.""Seorang driver ojek online yang kebetulan saat itu mengetahui kejadian tersebut langsung di todong menggunakan senjata api oleh para pelaku,"" demikian tertulis dalam keterangan unggahan video viral tersebut.Kapolsek Pagedangan AKP Seala Syah Alam membenarkan adanya peristiwa tersebut. Kejadian itu terjadi pada Minggu (9/7) siang hari, di sebuah restoran di kawasan Pagedangan, Kabupaten Tangerang.Baca juga: Ruang Manajer Kantor Koperasi di Bogor Dibobol Maling, Laptop-Ponsel Raib""Peristiwa itu betul ada. Kejadiannya kemarin siang,"" ujar Seala, Senin (10/7).Seala mengatakan pengemudi ojol tersebut ditodong sejenis senjata, karena memergoki aksi curanmor pelaku. Polisi sendiri masih mendalami keaslian senjata yang digunakan.""Iya (todongkan sejenis pistol usai aksinya dipergoki). Jadi penodongan dilakukan ketika driver mau, setelah mengambil orderan mau mengantarkan orderan kepada pelanggan. Ternyata aksinya ketauan, dan pelaku menodongkan sejenis senjata,"" tuturnya        
		
        (dwia/dwia)
        
            
                				pencurian				pencurian motor				tangerang				jabodetabek            
        

        
        
    "
"8","
        Plt Bupati Bogor Harap Pemprov Jabar Lanjutkan Bangun Jalur Truk Tambang    ","

                    Bogor - Persoalan operasional kendaraan tambang di jalur arteri wilayah Kabupaten Bogor bagian barat belum usai. Salah satu masalah yang timbul adalah jalan rusak dan kerap terjadi kecelakaan.Plt Bupati Bogor Iwan Setiawan mengatakan aturan mengenai waktu operasional kendaraan tambang sebenarnya sudah ada. Namun penerapan aturan tersebut masih menuai polemik.""Begini, ini yang pengguna jalan masyarakat sekitar juga. Kami tidak kamu membuat konflik horizontal. Itu kan ada paguyuban sopir angkutan sopir ekspedisi dan truk, itu warga situ,"" kata Iwan saat dihubungi, Senin (10/7/2023).
      @import url(""https://cdnstatic.detik.com/live/_rmbassets/2022/parallax/parallax.css"");
     
  
    ADVERTISEMENT
  
  
        
          
                
                  
                        

  
    googletag.cmd.push(function() { googletag.display('div-gpt-ad-1572507980488-0'); });
  
                  
                
          
        
  
  
        SCROLL TO RESUME CONTENT
  
  
  function paraA(e) {
  var p = $(e);
  $(e + "" .para_fix"").width(p.width());
  }
  $("".paraA iframe"").on(""load"", paraA("".paraA""));
  Baca juga: Ridwan Kamil Ungkap Kendala Pembangunan Jalur Truk Tambang di BogorSaat ini, aturan mengenai jam operasional kendaraan tambang itu tertuang dalam Peraturan Bupati (Perbup) Nomor 120 Tahun 2021. Kendaraan tambang melintas mulai pukul 20.00 hingga 05.00 WIB.""Kemarin kita dengan Dishub juga ditegakkan. Ini sedang cari solusinya gimana, kalau Perbup kan sudah ada. Saya bilang oke kalau masyarakat semua setuju, ngacung, semua dukung. Tapi kalau kami pemerintah masyarakatnya tidak mendukung, ya pemerintah tidak bisa berjalan sendiri,"" jelasnya.Iwan meminta seluruh pihak mendukung aturan tersebut. Jangan justru aturan tersebut malah menimbulkan konflik horizontal berkepanjangan di masyarakat. Iwan menyebut sudah ada sedikit konflik horizontal yang terjadi.""Kami akan tegas juga, tapi tolong masyarakat juga sepakat gitu. Ini kan sopirnya orang situ, yang teriak tetangganya,"" ungkapnya.""Ini sudah terjadi, kemarin kan baru ya udah tegakkan, tapi di sebelah masyarakat 'kami makan apa'. Itulah masalah klasik di kita,"" sambungnya.Baca juga: Camat Harap Jalur Truk Tambang di Bogor Cepat Selesai: Jalan Rusak BerkurangSalah satu solusi yang ditawarkan dengan membangun jalur khusus kendaraan tambang. Iwan berharap pemerintah provinsi melalui Pj Gubernur nanti melanjutkan pembangunan itu.""Mudah-mudahan jalan tambang ini selesailah gitu ya. Mudah-mudahan Pj (gubernur)-nya nanti program jalan tambang ini bisa dilaksanakan,"" ujarnya.Lihat juga video 'Macet Horor Marunda hingga Pemotor Lewat Kolong Truk Kontainer':[Gambas:Video 20detik]        
		
        (rdh/idn)
        
            
                				bogor				jawa barat				pemprov jabar				truk tambang				jalan berbayar khusus truk tambang            
        

        
        
    "
"9","
        Kuasa Hukum Korban Revenge Porn Minta Alwi Divonis Maksimal    ","

                    Jakarta - Sidang putusan kasus revenge porn di Pandeglang terhadap terdakwa Alwi Husen Maolana rencananya digelar besok. Kuasa hukum korban meminta pelaku dihukum maksimal.""Harapannya jelas kita berharap hakim memutus minimalnya sesuai dengan tuntutan JPU,"" kata kuasa hukum korban, Rizki Arifianto, saat dikonfirmasi, Senin (10/7/2023).Rizki mengatakan korban sudah siap mengikuti sidang putusan besok. Ia mengatakan kuasa hukum juga sudah siap melaporkan tindakan kekerasan seksual yang diduga dilakukan oleh terdakwa terhadap korban.
      @import url(""https://cdnstatic.detik.com/live/_rmbassets/2022/parallax/parallax.css"");
     
  
    ADVERTISEMENT
  
  
        
          
                
                  
                        

  
    googletag.cmd.push(function() { googletag.display('div-gpt-ad-1572507980488-0'); });
  
                  
                
          
        
  
  
        SCROLL TO RESUME CONTENT
  
  
  function paraA(e) {
  var p = $(e);
  $(e + "" .para_fix"").width(p.width());
  }
  $("".paraA iframe"").on(""load"", paraA("".paraA""));
  Baca juga: Harapan Keluarga Korban Agar Alwi Revenge Porn Dihukum Berat""Untuk persiapannya kita hari ini rapat bersama keluarga untuk mengantisipasi putusan, dan rencana pelaporan tindak pidana lainnya,"" katanya.Diketahui sebelumnya, terdakwa Alwi Husen Maolana telah dituntut enam tahun penjara oleh jaksa penuntut umum. Terdakwa Alwi didakwa melanggar Pasal 45 ayat (1) juncto Pasal 27 ayat 1 UU ITE. Selain ancaman 6 tahun penjara, dia juga terancam denda Rp 1 miliar subsider 3 bulan kurungan.Terdakwa juga telah diberikan sanksi berat oleh pihak kampus Universitas Sultan Ageng Tirtayasa (Untirta) buntut kasus yang menjeratnya. Alwi secara resmi telah dikeluarkan dari Untirta.Baca juga: Kakak Korban Harap Alwi Revenge Porn Divonis Hukuman Maksimal Besok""Sudah ditandatangani sanksinya sesuai dengan kriteria pelanggaran akademik yang diatur di kita,"" kata Rektor Untirta Fatah Sulaiman kepada detikcom, Selasa (4/7/2023) kemarin.Lihat juga Video 'Aksi Bejat Oknum Guru Lecehkan Belasan Siswa di Ciamis':[Gambas:Video 20detik]        
		
        (dwia/dwia)
        
            
                				revenge porn				revenge porn mahasiswi pandeglang				pn pandeglang				kekerasan seksual				hukum				jabodetabek            
        

        
        
    "
"10","
        Viral Pencuri Motor Todong Pistol ke Ojol Usai Aksinya Dipergoki di Tangerang    ","

                    Jakarta - Aksi pelaku pencurian motor (curanmor) menodongkan sejenis pistol kepada pengemudi ojek online di kawasan Pagedangan, Kabupaten Tangerang, viral di media sosial. Dinarasikan, pelaku menodongkan pistol usai aksinya diketahui.Dalam video viral yang dilihat detikcom, Senin (10/7/2023), terlihat dua pelaku sedang melakukan aksinya mencuri motor. Kemudian, ada seorang pengemudi ojol yang mendatangi lokasi.Tak lama kemudian, terlihat para pelaku mengancam pengemudi ojol tersebut. Setelah itu, pelaku lantas meninggalkan lokasi sambil membawa motor hasil curiannya.
      @import url(""https://cdnstatic.detik.com/live/_rmbassets/2022/parallax/parallax.css"");
     
  
    ADVERTISEMENT
  
  
        
          
                
                  
                        

  
    googletag.cmd.push(function() { googletag.display('div-gpt-ad-1572507980488-0'); });
  
                  
                
          
        
  
  
        SCROLL TO RESUME CONTENT
  
  
  function paraA(e) {
  var p = $(e);
  $(e + "" .para_fix"").width(p.width());
  }
  $("".paraA iframe"").on(""load"", paraA("".paraA""));
  ""Seorang driver ojek online yang kebetulan saat itu mengetahui kejadian tersebut langsung di todong menggunakan senjata api oleh para pelaku,"" demikian tertulis dalam keterangan unggahan video viral tersebut.Baca juga: Polisi Tangkap Penipu Tiket Konser NCT Dream, Total Kerugian Rp 94 JutaKapolsek Pagedangan AKP Seala Syah Alam membenarkan adanya peristiwa tersebut. Kejadian itu terjadi pada Minggu (9/7) siang hari, di sebuah restoran di kawasan Pagedangan, Kabupaten Tangerang.""Peristiwa itu betul ada. Kejadiannya kemarin siang,"" ujar Seala, ditemui di kantornya, Senin (10/7).Seala mengatakan pengemudi ojol tersebut ditodong sejenis senjata, karena memergoki aksi curanmor pelaku. Polisi sendiri masih mendalami keaslian senjata yang digunakan.""Iya (todongkan sejenis pistol usai aksinya dipergoki). Jadi penodongan dilakukan ketika driver mau, setelah mengambil orderan mau mengantarkan orderan kepada pelanggan. Ternyata aksinya ketahuan, dan pelaku menodongkan sejenis senjata,"" tuturnya.Baca juga: Penipu Tiket Konser NCT Dream Pakai Uang Korban untuk Beli Barang PribadiSeala mengatakan sejauh ini pelaku berjumlah 2 orang. Polisi sendiri masih menyelidiki kasus tersebut.""Untuk pelakunya sendiri sementara berjumlah 2 orang. Kami masih terus melakukan pendalaman,"" kata dia.""Untuk korban betul adalah salah satu pengemudi ojek online yang sedang mengambil orderan, di salah satu restoran yang ada di wilayah Pagedangan di BSD,"" tambahnya.Lihat juga Video 'Kepergok Saat Beraksi, Maling Motor Ini Ngacir-Tabrak Tiang Listrik':[Gambas:Video 20detik]        
		
        (dwia/dwia)
        
            
                				tangerang				pencurian				pencurian motor				viral				jabodetabek            
        

        
        
    "
"11","
        Ahli ITE Sebut Pasal Pencemaran Nama Baik Bisa Dikecualikan Jika demi Publik    ","

                    Jakarta - Ahli Informasi Teknologi dan Elektronik (ITE) Dr Ronny mengatakan informasi yang bermuatan pencemaran nama baik dapat dikecualikan jika tujuannya demi kepentingan umum. Mengapa?Hal itu dijelaskan Ronny saat menjadi saksi dalam persidangan terdakwa kasus pencemaran nama baik Menko Kemaritiman dan Investasi Luhut Binsar Pandjaitan, Haris Azhar dan Fatia Maulidiyanti, di PN Jakarta Timur, Senin (10/7/2023). Mulanya, jaksa penuntut umum (JPU) meminta Ronny menjelaskan soal makna demi kepentingan umum Pasal 310 ayat 3 KUHP jika dikaitkan dengan Pasal 27 ayat 3 UU ITE.""Pada saat ada rujukan dari Pasal 27 ayat 3 putusan MK. Itu merujuk ke Pasal 310 dan Pasal 311, sementara di Pasal 310 ayat 3 nya ada yang menyatakan 'demi kepentingan umum'. Apakah saudara bisa jelaskan makna demi kepentingan umum jika dikaitkan dengan Pasal 27 ayat 3 itu sendiri?"" tanya jaksa.
      @import url(""https://cdnstatic.detik.com/live/_rmbassets/2022/parallax/parallax.css"");
     
  
    ADVERTISEMENT
  
  
        
          
                
                  
                        

  
    googletag.cmd.push(function() { googletag.display('div-gpt-ad-1572507980488-0'); });
  
                  
                
          
        
  
  
        SCROLL TO RESUME CONTENT
  
  
  function paraA(e) {
  var p = $(e);
  $(e + "" .para_fix"").width(p.width());
  }
  $("".paraA iframe"").on(""load"", paraA("".paraA""));
  ""Ya tadi saya jelaskan bahwa dalam perjalanan sidang MK pada waktu itu kalau kita lihat fokus dari penggugat itu mengatakan Pasal 27 ayat 3 ini bisa multitafsir dan kabur, kenapa? Karena banyak hal yang katanya kalau di KUHP itu lebih lengkap, sementara di UU ITE ini hanya satu pasal dan tidak ada penjelasannya sehingga bisa multitafsir sehingga kenapa itu di JR waktu itu ya. Dalam perjalanan sidang itu yang saya amati adalah pertimbangan MK saya ingat saya baca itu bahwa hal-hal yang tidak jelas dalam UU ITE, itu bisa merujuk di KUHP,"" jawab Ronny.""Contohnya, apa itu maksud dari pencemaran nama baik, kan tidak ada di UU ITE. Lalu kemudian apakah itu delik aduan atau bukan. Itu juga dijawab merujuk ke situ,"" sambung dia.Baca juga: Sidang Haris-Fatia Kembali Riuh, JPU Minta Hakim Tegur 'si Provokator'Lantas, jaksa meminta Ronny menafsirkan arti 'demi kepentingan umum' yang ada dalam Pasal 310 ayat 3 KUHP. Ronny pun mengatakan Pasal 27 ayat 3 UU ITE dapat dikecualikan jika penyebaran informasi bermuatan pencemaran nama baik berlandaskan kepentingan publik.""Artinya kalau MK sudah mengatakan bahwa merujuk di Pasal 310 dan Pasal 311 KUHP berarti penerapan Pasal 27 ayat 3 bisa dikecualikan, tidak dapat diterapkan di antaranya adalah kalau penyebaran informasi yang dikatakan pencemaran nama baik itu demi kepentingan umum atau demi kepentingan publik,"" jelas Ronny.""Mohon saya dikoreksi jangan sampai ada komplain, kepentingan umum itu jelas dikecualikan dan termasuk kalau saya tidak ingat ada yang namanya pembelaan diri. Nah gitu ya, itu dikecualikan, jadi jelas sekali kalau untuk kepentingan publik, kepentingan umum. Maka saya mengatakan berdasarkan putusan MK 50 itu tidak dapat diterapkan Pasal 27 ayat 3 UU ITE,"" lanjutnya.Saat jaksa menanyakan parameter untuk mengukur kepentingan umum yang dimaksud, Ronny enggan menjawab. Dia meminta jaksa menanyakan hal itu kepada ahli pidana.""Nanti ahli pidana aja,"" tutur Ronny.Baca juga: Pengunjung Sidang Haris Azhar Teriak dan Tepuk Tangan, Hakim Beri PeringatanDalam kasus ini, Haris Azhar didakwa melakukan pencemaran nama baik terhadap Luhut. Jaksa mengatakan informasi terkait pencemaran nama baik Luhut itu disebar Haris Azhar lewat akun YouTube-nya.Video yang diunggah di YouTube itu berjudul 'Ada lord Luhut di balik relasi ekonomi-ops militer Intan Jaya!! Jenderal BIN juga Ada1! >NgeHAMtam'. Hal yang dibahas dalam video itu adalah kajian cepat Koalisi Bersihkan Indonesia dengan judul 'Ekonomi-Politik Penempatan Militer di Papua: Kasus Intan Jaya'.Dalam video tersebut, narasumbernya adalah Fatia Maulidiyanti dan Owi. Jaksa mengatakan Fatia dan Haris memiliki maksud mencemarkan nama baik Luhut.Menurut jaksa, perkataan Haris Azhar dan Fatia dalam video tersebut memuat pencemaran nama baik Luhut. Salah satu kalimat yang disorot terkait pertambangan di Papua.Simak juga Video 'Pasal Pencemaran Nama Baik di UU ITE Dihapus di RKUHP':[Gambas:Video 20detik]        
		
        (idn/idn)
        
            
                				sidang haris azhar				sidang haris azhar dan fatia				sidang haris azhar-fatia				ahli ite            
        

        
        
    "
"12","
        Cegah Paham Radikal-Intoleran Menyusup, Densus 88 Asesmen Catar Akpol    ","

                    Semarang - Staf Sumber Daya Manusia (SSDM) Polri menggandeng Detasemen Khusus (Densus) 88 Antiteror Polri dalam proses rekrutmen anggota baru. Kerja sama ini bertujuan memastikan latar belakang dan kepribadian anggota baru Polri tak terpapar radikalisme dan intoleran.Kepala Biro Pengendalian Personel (Karo Dalpers) SSDM Polri Brigjen Nurworo Danang, menjelaskan pencegahan paham radikal dan intoleran menyusup adalah yang baru dalam sistem rekrutmen anggota Polri. Tak hanya Densus 88, SSDM juga menggandeng Badan Nasional Penanggulangan Terorisme (BNPT), Divisi Propam Polri, dan pihak-pihak terkait.""Tahun ini ada hal baru, yakni penelusuran mental ideologi, atau asesmen mental dan ideologi. Kami menggandeng Densus 88 Antiteror Polri, BNPT, Div Propam Polri,"" ucap Danang kepada detikcom di Gedung Serbaguna Akademi Kepolisian (Akpol), Semarang, Jawa Tengah (Jateng) pada Senin (10/7/2023).
      @import url(""https://cdnstatic.detik.com/live/_rmbassets/2022/parallax/parallax.css"");
     
  
    ADVERTISEMENT
  
  
        
          
                
                  
                        

  
    googletag.cmd.push(function() { googletag.display('div-gpt-ad-1572507980488-0'); });
  
                  
                
          
        
  
  
        SCROLL TO RESUME CONTENT
  
  
  function paraA(e) {
  var p = $(e);
  $(e + "" .para_fix"").width(p.width());
  }
  $("".paraA iframe"").on(""load"", paraA("".paraA""));
  ""Kita mengharapkan para catar (calon taruna) mempunyai ideologi yang tidak bertentangan dengan Pancasila, menghindari paham radikalisme dan intoleransi,"" imbuh Danang.Baca juga: Seleksi Taruna Akpol Masuk Tahap Akhir, 440 Catar Dites Panitia PusatDanang menegaskan SSDM Polri tak ingin kecolongan membiarkan paham radikal dan intoleran menyusup di Korps Bhayangkara. ""Intinya kami tidak ingin kecolongan, jadi screening benar-benar ketat dari sisi apapun, termasuk paham dan ideologi,"" ujar Danang.Danang menjelaskan pada proses seleksi akhir, catar diminta mengisi kuesioner. Nilai kuesioner akan menentukan catar tersebut terdeteksi terpapar radikalisme-intoleran, atau tidak.Jika hasilnya terpapar radikalisme dan intoleran, catar Akpol akan diwawancara untuk pendalaman lebih lanjut oleh panitia rekrutmen Akpol. Hasil wawancara juga menentukan kesimpulan akhir catar terpapar radikalisme atau tidak.""Bentuk asesmennya, mengisi inventory atau kuesioner. Lalu dilakukan pemetaan terhadap data-daya yang dimiliki oleh tim Densus 88 terkait data-data yang sudah diinventarisir dari para peserta,"" pungkas Danang.Baca juga: SSDM Polri Ikut Meriahkan Hari Bhayangkara Ke-77, Gelar Pameran InovasiDiketahui sebanyak 440 calon taruna dan taruni (catar) Akpol mengikuti tes tahap akhir yang diselenggarakan panitia pusat di Semarang, Jawa Tengah (Jateng). Mereka terdiri dari 385 pria dan 55 wanita.Sebanyak 440 catar berasal dari 34 polda se-Indonesia. Panitia pusat dari SSDM Polri melakukan serangkaian pemeriksaan, dari sisi administrasi, kesehatan, asesmen mental dan ideologi, wawancara psikologi dan penelusuran mental kepribadian, uji akademik, uji jasmani, hingga antropometri.Proses seleksi di tingkat panitia pusat ini berlangsung selama 19 hari, mulai 6 sampai 24 Juli 2023.Simak juga Video 'Ikrar Taruna Akpol Hentikan Tradisi Kekerasan':[Gambas:Video 20detik]        
		
        (aud/fjp)
        
            
                				akpol				akademi kepolisian				ssdm polri				polri				intoleran				radikalisme				rekrutmen polri            
        

        
        
    "
"13","
        Harapan Keluarga Korban agar Alwi Revenge Porn Dihukum Berat    ","
        Jakarta -  Sidang vonis kasus penyebaran video asusila untuk ancaman (revenge porn) terdakwa kasus penyebaran video asusila untuk ancaman (revenge porn), Alwi Husaeni Maolana akan digelar besok di Pengadilan Negeri (PN) Pandeglang. Kakak korban, Iman Zanatul Haeri, berharap terdakwa Alwi yang dituntut 6 tahun penjara dihukum berat.""Kami harap pelaku dihukum berat, minimal seperti tuntutan jaksa,"" kata Iman kepada wartawan, Senin (10/7/2023).Sebagaimana diketahui, jaksa penuntut umum (JPU) Kejari Pandeglang menuntut terdakwa Alwi hukuman 6 tahun penjara. Selain itu, JPU menuntut Alwi denda Rp 1 miliar subsider 3 bulan kurungan.
      @import url(""https://cdnstatic.detik.com/live/_rmbassets/2022/parallax/parallax.css"");
     
  
    ADVERTISEMENT
  
  
        
          
                
                  
                        

  
    googletag.cmd.push(function() { googletag.display('div-gpt-ad-1572507980488-0'); });
  
                  
                
          
        
  
  
        SCROLL TO RESUME CONTENT
  
  
  function paraA(e) {
  var p = $(e);
  $(e + "" .para_fix"").width(p.width());
  }
  $("".paraA iframe"").on(""load"", paraA("".paraA""));
  Dia berharap hakim tetap objektif dalam memutus kasus dengan mempertimbangkan fakta-fakta kasus kekerasan seksual yang dilakukan terdakwa Alwi Husen Maolana. Dia menaruh harap majelis hakim PN Pandeglang berlaku adil sebagaimana tugasnya sebagai wakil Tuhan di bumi.""Hakim memberikan hukuman yang memberikan rasa keadilan masyarakat karena kasus ini sudah menjadi perhatian nasional bahkan internasional,"" ungkap dia.Dia juga berharap terdakwa dihadirkan dalam ruang sidang saat majelis hakim membacakan putusan vonis. Sebab, pada sidang agenda pembacaan tuntutan, Alwi hanya dihadirkan dalam sidang secara virtual atau menggunakan video conference.Baca juga: Ulah Asusila Alwi Revenge Porn Pandeglang Berujung 'Ditendang' UntirtaSelain itu, Iman berharap Komisi Yudisial (KY) mengawasi jalannya sidang vonis yang besok akan digelar di Ruang Prof Dr Kusumah Atmaja SH PN Pandeglang. Dia mengungkit sejumlah kejanggalan yang sempat terjadi dalam proses persidangan.""Kami harap KY memberi perhatian karena saya melihat kejanggalan selama proses persidangan. Selain terdakwa dihadirkan online saat sidang tuntutan, pada saat sidang perdana agenda pembacaan dakwaan, kami juga tak diundang,"" bebernya.Alwi Terdakwa Revenge Porn Dituntut 6 Tahun BuiJaksa JPU Kejari Pandeglang menuntut terdakwa Alwi Husen Maolana 6 tahun penjara atas kasus penyebaran video asusila untuk ancaman (revenge porn). Terdakwa dijerat pasal berlapis dalam Undang-Undang Informasi Transaksi Elektronik (UU ITE).""JPU Mario Nicolas, membacakan tuntutan 6 (enam) tahun (penjara),"" kata Kasi Intel Kejari Pandeglang Wildan dari keterangan tertulis yang diterima, Selasa (27/6/2023).Terdakwa Alwi didakwa melanggar Pasal 45 ayat (1) juncto Pasal 27 ayat 1 UU ITE. Selain ancaman 6 tahun penjara, dia terancam denda Rp 1 miliar subsider 3 bulan kurungan.Baca juga: Kakak Korban Harap Alwi Revenge Porn Divonis Hukuman Maksimal BesokDalam tuntutan itu, jaksa mempertimbangkan hal-hal yang memberatkan terhadap terdakwa. Ia mengatakan, akibat perbuatan terdakwa, korban mengalami trauma.""Perbuatan terdakwa mengakibatkan saksi IAK merasa terancam, ketakutan dan merasa malu karena video yang dikirimkan melalui DM sudah tersebar ke keluarga dan teman-teman saksi. Perbuatan terdakwa mengakibatkan saksi IAK mengalami gejala gangguan kecemasan dan stres pasca-trauma,"" ungkap Wildan.Lihat juga Video 'Aksi Bejat Oknum Guru Lecehkan Belasan Siswa di Ciamis':[Gambas:Video 20detik]Baca halaman selanjutnya. 
        
    
        
            Halaman
                        
                1            
                        
                2            
                        
                3            
                    
                
            Selanjutnya 
        
        
            



		
        
        
            
                				revenge porn				revenge porn mahasiswi pandeglang				hukum				uu ite				pemerkosaaan				jabodetabek            
        

    "
"14","
        Geisz Ikut Komentari JIS dan Buro Happold: Tak Ada soal Standar FIFA    ","

                    Jakarta - Konsultan desain yang bermarkas di Inggris, Buro Happold (BH), menyebut proyek Jakarta International Stadium (JIS) tidak sesuai dengan konsep desain orisinal dari Buro Happold. Produser Jakarta Melayu Festival Geisz Chalifah menyebut perubahan desain hal biasa jika ada kendala.Geisz awalnya menerangkan Buro Happold kerap memberikan jasa di bidang Building Services Engineering (MEP), Economics, Ground Engineering, People Movement, Strategic Planning, Structural Engineering, Transport and Mobility, Visualization, dan Water. Geisz mengatakan Buro Happold selalu bekerja sama dengan biro arsitek lokal.""Misalnya, kerja sama BH dengan Tabanlioglu Architects dan Populous dalam proyek Stadion Astana Arena di Astana, Kazakhstan. Di Indonesia, BH bekerja sama dengan Biro Arsitek PDW Architect dan Jakarta Konsultindo untuk membangun JIS,"" ucap Geisz, kepada wartawan, Senin (10/7/2023).
      @import url(""https://cdnstatic.detik.com/live/_rmbassets/2022/parallax/parallax.css"");
     
  
    ADVERTISEMENT
  
  
        
          
                
                  
                        

  
    googletag.cmd.push(function() { googletag.display('div-gpt-ad-1572507980488-0'); });
  
                  
                
          
        
  
  
        SCROLL TO RESUME CONTENT
  
  
  function paraA(e) {
  var p = $(e);
  $(e + "" .para_fix"").width(p.width());
  }
  $("".paraA iframe"").on(""load"", paraA("".paraA""));
  ""Bahwa dalam pelaksanaan ada perubahan adalah hal yang biasa terkadang ada kendala yang mau tak mau harus ada perubahan dari desain awal,"" lanjut dia.Baca juga: Pembangunan JIS Tak Sesuai Buro Happold, PKS Khawatir Ada Nuansa PolitikGeisz mengatakan perubahan apa saja dalam pembangunan JIS. Buro Happold, lanjut dia, juga tidak merinci apa saja yang diubah dalam proyek JIS.""Tidak ada pernyataan dari Buro Happold JIS tidak sesuai standar FIFA. Yang ada adalah perubahan keterangan di WEB BH dari sebelum hilang dan setelah ditayangkan kembali,"" kata Geisz.Geisz tidak masalah jika JIS mau dikembangkan aksesnya. Sebab, menurut dia, pembangunan JIS memang belum rampung sepenuhnya. Salah satu yang disinggung Geisz adalah soal stasiun dekat JIS yang sampai saat ini belum bisa digunakan.""Saya setuju dibuat pansus untuk menyelidiki JIS, Namun juga harus ada perlakuan yang sama terhadap Mandalika. JIS menggunakan dana PEN (Pinjaman yang bukan Hibah)"" kata Geisz.""Mandalika memiliki utang Rp 4,6 T, mengalami kerugian miliaran rupiah. Bahkan kembali meminta penyertaan modal. Selidiki keduanya hingga tuntas agar kita semua tahu mana yang digarong dan siapa malingnya,"" lanjut dia.Baca juga: PDIP dan PSI Usul Pansus Polemik JIS, PKS Anggap Tak PerluGeisz menyebut saat ini JIS tengah dipolitisasi. Dia berharap FIFA segera diundang ke Indonesia.""Yang terjadi sekarang untuk JIS adalah hasil karya anak bangsa di-downgrade untuk kebutuhan politik. Supaya tidak dipolitisasi, undang FIFA secepatnya,"" katanya.        
		
        (idn/dhn)
        
            
                				geisz chalifah				jakarta international stadium				jis				buro happold				jabodetabek            
        

        
        
    "
"15","
        Tolong! 4 Orang Sekeluarga di Bekasi Hilang Sudah Hampir 2 Bulan    ","
        Jakarta -  Satu keluarga di Kranggan, Jatisampurna, Bekasi, yang terdiri dari ayah, ibu, dan 2 anaknya hilang tanpa kabar. Sudah hampir 2 bulan sekeluarga ini hilang dan belum diketahui keberadaannya.Sekeluarga hilang itu merupakan suami bernama Kowim Firdaus (35), istri bernama Givitri Sabatani Rotinsulu (34), serta kedua anaknya, Ghaisan Akwa Firdaus (7) dan Kaivan Abiya Firdaus (2).Kakak Givitri, Natalia Rotinsulu, mengatakan baru mengetahui adiknya sekeluarga hilang pada 25 Mei 2022. Mulanya, mertua Giva, sapaan Givitri, menanyakan keberadaan Giva sekeluarga kepadanya.
      @import url(""https://cdnstatic.detik.com/live/_rmbassets/2022/parallax/parallax.css"");
     
  
    ADVERTISEMENT
  
  
        
          
                
                  
                        

  
    googletag.cmd.push(function() { googletag.display('div-gpt-ad-1572507980488-0'); });
  
                  
                
          
        
  
  
        SCROLL TO RESUME CONTENT
  
  
  function paraA(e) {
  var p = $(e);
  $(e + "" .para_fix"").width(p.width());
  }
  $("".paraA iframe"").on(""load"", paraA("".paraA""));
  ""Awalnya cuma tanya, (adik saya) datang ke rumah saya atau ke rumah yang lain. Saya jawab, nggak ada. Sebenarnya juga jarang ke rumah, dia (yang hilang) punya anak dua, agak repot kalau mau nginep-nginep. Paling pergi bareng. Terus, dikasih tahu kalau Giva, adik saya ini, nggak bisa dihubungi,"" ujar Natalia saat dihubungi detikcom, Senin (10/7/2023).Baca juga: 7 Fakta Pengantin Bogor COD Ayam Geprek Ternyata Temui Pacar hingga ke Medan""Hari itu saya bilang 'maksudnya enggak bisa dihubungi gimana?' Soalnya, saya video call-an sama mereka tanggal 12 Mei dan itu baik-baik saja, nggak ada apa-apa. Kalau ada apa-apa, biasanya cerita. Saya pikir (yang hilang) adik saya doang, nggak tahunya satu keluarga kan,"" lanjutnya.Natalia mengatakan dia sempat ke rumah teman adiknya untuk menanyakan keberadaan adiknya. Teman adiknya, kata Natalia, mengatakan adiknya sempat bertanya mengenai kontrakan. Keluarga berpikir bahwa adiknya sekeluarga mengontrak.""Saya nggak tahu persis, Giva, suaminya, atau mereka berdua, sempat ngambil barang di rumahnya. Yang diambil 4 hingga 5 item. Kita sempet dobrak pintunya tanggal 27 Mei barang yang diambil kayak mesin cuci,"" ujarnya.Baca juga: Pengantin yang Hilang Kini Diceraikan Suami hingga Geger Teror Pocong RembangBaca selengkapnya di halaman selanjutnya....
        
    
        
            Halaman
                        
                1            
                        
                2            
                    
                
            Selanjutnya 
        
        
            



		
        
        
            
                				orang hilang				pencarian orang hilang				sekeluarga di bekasi hilang				jabodetabek            
        

    "
"16","
        Geger JIS Tak Sesuai Buro Happold, Kelompok Mahasiswa Soroti Penggusuran    ","
        Jakarta -  Konsultan desain dari Inggris, Buro Happold, menyatakan desain JIS tidak sesuai dengan panduannya. Masalah stadion yang selesai dibangun di era Gubernur Jakarta Anies Baswedan itu menuai geger polemik wacana.Kelompok mahasiswa ini juga menyoroti JIS, bukan dari desainnya, melainkan dari sisi pembangunannya yang dinilai menggusur penduduk. Kelompok mahasiswa ini adalah Gerakan Mahasiswa Nasional Indonesia (GMNI).""Pembangunan JIS menggusur rumah rakyat di Kampung Bayam dan Kampung Bambu. Sampai hari ini mereka masih mencari keadilan, hidup terlunta-lunta,"" kata Ketua Umum DPP GMNI, Arjuna Putra Aldino, dalam keterangan tertulis, Senin (10/7/2023).
      @import url(""https://cdnstatic.detik.com/live/_rmbassets/2022/parallax/parallax.css"");
     
  
    ADVERTISEMENT
  
  
        
          
                
                  
                        

  
    googletag.cmd.push(function() { googletag.display('div-gpt-ad-1572507980488-0'); });
  
                  
                
          
        
  
  
        SCROLL TO RESUME CONTENT
  
  
  function paraA(e) {
  var p = $(e);
  $(e + "" .para_fix"").width(p.width());
  }
  $("".paraA iframe"").on(""load"", paraA("".paraA""));
  Baca juga: Buro Happold: Kami Tidak Diminta Mendesain Stadion JIS!Menurut Arjuna, nasib warga eks Kampung Bayam yang digusur saat pembangunan Jakarta International Stadium (JIS) di era eks Gubernur DKI Jakarta Anies Baswedan masih terkatung-katung untuk memperoleh tempat tinggal. Mereka dulu dijanjikan bakal direlokasi ke Kampung Susun Bayam oleh Pemerintah Provinsi (Pemprov) DKI di era kepemimpinan Anies.""Janji manis Anies sampai hari ini tidak ada buktinya. Hanya pepesan kosong. Sampai hari ini mereka tidak bisa menghuni rusun yang dijanjikan,"" tambah Arjuna.Baca juga: PDIP soal Pembangunan JIS Tak Sesuai Panduan Buro Happold: Audit Total!Arjuna juga meminta para pemangku kepentingan tidak hanya membahas bangunan JIS, tapi juga memikirkan nasib rakyat yang digusur demi JIS. Menurut Arjuna, mereka yang digusur juga warga negara yang berhak mendapatkan keadilan dan haknya, bukan hanya pencinta bola.Arjuna menilai JIS bukan hanya monumen kemegahan stadion sepakbola, tapi juga monumen penderitaan rakyat yang dikorbankan hanya demi popularitas. Sampai hari ini warga korban penggusuran masih menagih janji kepada PT Jakarta Propertindo (Jakpro) sebagai pemilik aset. Mereka telah melayangkan banding administratif terhadap Pemerintah Provinsi (Pemprov) DKI Jakarta dan PT Jakpro.""Jadi, mana janji relokasi? Mengganti kata gusur dengan relokasi, hasil akhirnya rakyat terlunta-lunta hidupnya hanya demi elektabilitas. Bahkan harga sewa Kampung Susun Bayam juga sangat mahal, tidak sesuai dengan kemampuan ekonomi warga yang digusur yang hanya pekerja harian dan serabutan,"" pungkas Arjuna, sembari berharap Presiden Joko Widodo (Jokowi) blusukan lagi.Baca juga: Pembangunan JIS Tak Sesuai Buro Happold, PKS Khawatir Ada Nuansa Politik""Pak Jokowi harus menemui warga korban penggusuran JIS. Kami yakin Pak Jokowi bisa menyelesaikan masalah ini. Karena Pak Jokowi punya rekam jejak yang baik dalam menangani warga terdampak penggusuran yang mengutamakan dialog dengan warga,"" tutup Arjuna.detikcom memberitakan soal Kampung Susun Bayam pada Maret lalu. Warga korban gusuran Kampung Bayam menduduki Kampung Susun Bayam karena tak kunjung diberi kunci hunian. Mereka mengemper dan bertahan di kawasan itu, menggelar terpal, dan beraktivitas di luar unit.Warga mulai masuk ke area Kampung Susun Bayam sejak 13 Maret. Salah satu warga bernama Suryo mengatakan sudah mengikuti alur birokrasi untuk bisa menghuni Kampung Susun Bayam, tapi hingga kini belum mendapat kepastian.""Padahal, Desember 2021, warga Kampung Bayam sudah harus menerima kunci, dan sudah ada surat kesepakatan pada 10 Januari 2023 kepada Pj Gubernur yang kami tembusan ke wali kota dinas perumahan dan seluruh instansi terkait. Namun sampai saat ini Pj Gubernur tidak merespons dan belum menyerahkan kunci sampai hari ini,"" ujar Suryo dalam keterangannya, dilihat, Kamis (16/3).Baca juga: PSI soal JIS: Pernyataan Buro Happold Mesti Diusut, Bentuk Pansus!Wali Kota Jakarta Utara Ali Maulana Hakim sebelumnya memberikan solusi kepada eks warga Kampung Bayam agar segera mendapatkan hunian layak. Ali berharap warga bersedia dipindahkan ke rusun-rusun yang tersedia di Jakarta.Pemprov DKI Jakarta dan (calon) penghuni Kampung Susun Bayam ternyata belum menyepakati tarif hunian tersebut. Warga sempat meminta tarif Rp 150 ribu per bulan. Namun, BUMD PT Jakarta Propertindo minta Rp 765 ribu per bulan.""Tarif sebesar pada rentang Rp 615.000-765.000 disesuaikan dengan lantainya,"" kata Wakil Presiden Sekretaris Perusahaan PT Jakpro, Syachrial Syarif, Kamis (23/2).Terbaru, muncul polemik soal Buro Happold, perusahaan konsultan desain dari Inggris, yang menyatakan JIS tidak sesuai panduannya.Pernyataan lengkap Buro Happold, di halaman berikutnya:
        
    
        
            Halaman
                        
                1            
                        
                2            
                    
                
            Selanjutnya 
        
        
            



		
        
        
            
                				buro happold				jis				jakarta international stadium				suara mahasiswa detikcom				gmni				arjuna putra aldino				kampung susun bayam            
        

    "
